{
  "project_info": {
    "project_number": "822463712309",
    "firebase_url": "https://uwork-test.firebaseio.com",
    "project_id": "uwork-test",
    "storage_bucket": "uwork-test.appspot.com"
  },
  "client": [
    {
      "client_info": {
        "mobilesdk_app_id": "1:822463712309:android:2ab2854dbf0bf005",
        "android_client_info": {
          "package_name": "com.moub.uwork"
        }
      },
      "oauth_client": [
        {
          "client_id": "822463712309-6a04qo2ngou2l32hl5qe0ccp6gi4ctn8.apps.googleusercontent.com",
          "client_type": 1,
          "android_info": {
            "package_name": "com.moub.uwork",
            "certificate_hash": "e1b1088479a0779a3c5663cf910429799213eacd"
          }
        },
        {
          "client_id": "822463712309-1mngl54iv6cbmvrd22v5m887d94plp2l.apps.googleusercontent.com",
          "client_type": 3
        }
      ],
      "api_key": [
        {
          "current_key": "AIzaSyA3XNSiWQYr9kICq1yeqbabpeyvm6KqGu8"
        }
      ],
      "services": {
        "appinvite_service": {
          "other_platform_oauth_client": [
            {
              "client_id": "822463712309-1mngl54iv6cbmvrd22v5m887d94plp2l.apps.googleusercontent.com",
              "client_type": 3
            }
          ]
        }
      }
    }
  ],
  "configuration_version": "1"
}